Id,OwnerId,IsDeleted,Name,CreatedDate,CreatedById,LastModifiedDate,LastModifiedById,SystemModstamp,LastActivityDate,LastViewedDate,LastReferencedDate,City__c,Country__c,Current_Employer__c,Currently_Employed__c,Education__c,Email__c,Fax__c,First_Name__c,Last_Name__c,Mobile__c,Phone__c,SSN__c,State_Province__c,Street__c,US_Citizen__c,Visa_Required__c,Years_of_Experience__c,Zip_Postal_Code__c
a006g000001m2N2AAI,0056g000000FFmxAAG,,C-00001,2019-11-09T21:07:04.000+0000,0056g000000FFmxAAG,2019-11-11T12:11:48.000+0000,0056g000000FFmxAAG,2019-11-11T12:11:48.000+0000,,,,Denver,,,1,,jd@gmail.coms,,jennifer,Doe,,,,,,1,,,
a006g000001m2N3AAI,0056g000000FFmxAAG,,C-00002,2019-11-09T21:07:04.000+0000,0056g000000FFmxAAG,2019-11-11T12:11:48.000+0000,0056g000000FFmxAAG,2019-11-11T12:11:48.000+0000,,,,DC,,,1,,tjones@yahoo.coms,,Tanya,Jones,,,,,,1,,,
a006g000001m2N4AAI,0056g000000FFmxAAG,,C-00003,2019-11-09T21:07:04.000+0000,0056g000000FFmxAAG,2019-11-11T12:11:48.000+0000,0056g000000FFmxAAG,2019-11-11T12:11:48.000+0000,,,,Maryland,,,,,njohnson@aol.coms,,Natalie,Johnson,,,,,,1,,,
a006g000001m2N5AAI,0056g000000FFmxAAG,,C-00004,2019-11-09T21:07:04.000+0000,0056g000000FFmxAAG,2019-11-11T12:11:48.000+0000,0056g000000FFmxAAG,2019-11-11T12:11:48.000+0000,,,,Remote,,,1,,bbrown@hotmail.coms,,Beth,Brown,,,,,,1,,,
a006g000001m2N6AAI,0056g000000FFmxAAG,,C-00005,2019-11-09T21:07:04.000+0000,0056g000000FFmxAAG,2019-11-11T12:11:48.000+0000,0056g000000FFmxAAG,2019-11-11T12:11:48.000+0000,,,,Indianapolis,,,,,smorris@yahoo.coms,,Sara,Morris,,,,,,1,,,
a006g000001m2N7AAI,0056g000000FFmxAAG,,C-00006,2019-11-09T21:07:04.000+0000,0056g000000FFmxAAG,2019-11-11T12:11:48.000+0000,0056g000000FFmxAAG,2019-11-11T12:11:48.000+0000,,,,Bellevue,,,,,awilliams@b2b.net,,Andrew,Williams,,,,,,1,,,
a006g000001m2N8AAI,0056g000000FFmxAAG,,C-00007,2019-11-09T21:07:04.000+0000,0056g000000FFmxAAG,2019-11-11T12:11:48.000+0000,0056g000000FFmxAAG,2019-11-11T12:11:48.000+0000,,2019-11-11T17:53:04.000+0000,2019-11-11T17:53:04.000+0000,Dallas,,,1,,bclark@clark.coms,,Bob,Clark,,,,,,1,,,
a006g000001m2N9AAI,0056g000000FFmxAAG,,C-00008,2019-11-09T21:07:04.000+0000,0056g000000FFmxAAG,2019-11-11T12:11:48.000+0000,0056g000000FFmxAAG,2019-11-11T12:11:48.000+0000,,,,Herndon,,,1,,mramos@test.com,,Michael,Ramos,,,,,,1,,,
a006g000001m2NAAAY,0056g000000FFmxAAG,,C-00009,2019-11-09T21:07:04.000+0000,0056g000000FFmxAAG,2019-11-11T12:11:48.000+0000,0056g000000FFmxAAG,2019-11-11T12:11:48.000+0000,,,,Reston,,,1,,hjones@testing.com,,Harold,Jones,,,,,,1,,,
a006g000001m2NBAAY,0056g000000FFmxAAG,,C-00010,2019-11-09T21:07:04.000+0000,0056g000000FFmxAAG,2019-11-11T12:11:48.000+0000,0056g000000FFmxAAG,2019-11-11T12:11:48.000+0000,,,,Denver,,,1,,scollon@bethere.coms,,Sean,Collon,,,,,,1,,,
a006g000001m2NCAAY,0056g000000FFmxAAG,,C-00011,2019-11-09T21:07:04.000+0000,0056g000000FFmxAAG,2019-11-11T12:11:48.000+0000,0056g000000FFmxAAG,2019-11-11T12:11:48.000+0000,,,,DC,,,1,,rbangura@gmail.coms,,Ray,Bangura,,,,,,1,,,
a006g000001m2NDAAY,0056g000000FFmxAAG,,C-00012,2019-11-09T21:07:04.000+0000,0056g000000FFmxAAG,2019-11-11T12:11:48.000+0000,0056g000000FFmxAAG,2019-11-11T12:11:48.000+0000,,,,Maryland,,,,,jay@hotmail.coms,,Jay,Cooper,,,,,,1,,,
a006g000001m2NEAAY,0056g000000FFmxAAG,,C-00013,2019-11-09T21:07:04.000+0000,0056g000000FFmxAAG,2019-11-11T12:11:48.000+0000,0056g000000FFmxAAG,2019-11-11T12:11:48.000+0000,,,,Remote,,,1,,peter@gmail.xom,,Peter,Marrik,,,,,,1,,,
a006g000001m2NFAAY,0056g000000FFmxAAG,,C-00014,2019-11-09T21:07:04.000+0000,0056g000000FFmxAAG,2019-11-11T12:11:48.000+0000,0056g000000FFmxAAG,2019-11-11T12:11:48.000+0000,,,,Indianapolis,,,,,ksmith@aol.com,,Kristen,Smith,,,,,,1,,,
a006g000001m2NGAAY,0056g000000FFmxAAG,,C-00015,2019-11-09T21:07:04.000+0000,0056g000000FFmxAAG,2019-11-11T12:11:48.000+0000,0056g000000FFmxAAG,2019-11-11T12:11:48.000+0000,,,,Bellevue,,,,,salson@test.com,,Stephanie,Alston,,,,,,1,,,
a006g000001m2NHAAY,0056g000000FFmxAAG,,C-00016,2019-11-09T21:07:04.000+0000,0056g000000FFmxAAG,2019-11-11T12:11:48.000+0000,0056g000000FFmxAAG,2019-11-11T12:11:48.000+0000,,,,Dallas,,,1,,abickerstaff@hotmail.coms,,Angela,Bickerstaff,,,,,,1,,,
a006g000001m2NIAAY,0056g000000FFmxAAG,,C-00017,2019-11-09T21:07:04.000+0000,0056g000000FFmxAAG,2019-11-11T12:11:48.000+0000,0056g000000FFmxAAG,2019-11-11T12:11:48.000+0000,,,,Herndon,,,1,,oking@yahoo.coms,,Ogachuwu,King,,,,,,1,,,
a006g000001m2NJAAY,0056g000000FFmxAAG,,C-00018,2019-11-09T21:07:04.000+0000,0056g000000FFmxAAG,2019-11-11T12:11:48.000+0000,0056g000000FFmxAAG,2019-11-11T12:11:48.000+0000,,,,Reston,,,1,,kwatson@yahoow.coms,,Kalil,Watson,,,,,,1,,,
a006g000001m2NKAAY,0056g000000FFmxAAG,,C-00019,2019-11-09T21:07:04.000+0000,0056g000000FFmxAAG,2019-11-11T12:11:48.000+0000,0056g000000FFmxAAG,2019-11-11T12:11:48.000+0000,,,,Denver,,,1,,egreglan@me.coms,,Edson,Greglan,,,,,,1,,,
a006g000001m2NLAAY,0056g000000FFmxAAG,,C-00020,2019-11-09T21:07:04.000+0000,0056g000000FFmxAAG,2019-11-11T12:11:48.000+0000,0056g000000FFmxAAG,2019-11-11T12:11:48.000+0000,,,,DC,,,1,,nsloan@me.oms,,Nora,Sloan,,,,,,1,,,
a006g000001m2NMAAY,0056g000000FFmxAAG,,C-00021,2019-11-09T21:07:04.000+0000,0056g000000FFmxAAG,2019-11-11T12:11:48.000+0000,0056g000000FFmxAAG,2019-11-11T12:11:48.000+0000,,,,Maryland,,,,,asmith@yahoo.coms,,Ahlil,Smith,,,,,,1,,,
a006g000001m2NNAAY,0056g000000FFmxAAG,,C-00022,2019-11-09T21:07:04.000+0000,0056g000000FFmxAAG,2019-11-11T12:11:48.000+0000,0056g000000FFmxAAG,2019-11-11T12:11:48.000+0000,,,,Remote,,,1,,aleanor@gmail.coms,,Amelia,Leanor,,,,,,1,,,
a006g000001m2NOAAY,0056g000000FFmxAAG,,C-00023,2019-11-09T21:07:04.000+0000,0056g000000FFmxAAG,2019-11-11T12:11:48.000+0000,0056g000000FFmxAAG,2019-11-11T12:11:48.000+0000,,,,Indianapolis,,,,,klove@gmails.coms,,Kai,Love,,,,,,,1,,
a006g000001m2NPAAY,0056g000000FFmxAAG,,C-00024,2019-11-09T21:07:04.000+0000,0056g000000FFmxAAG,2019-11-11T12:11:48.000+0000,0056g000000FFmxAAG,2019-11-11T12:11:48.000+0000,,,,Bellevue,,,,,atroy@htmail.coms,,Akira,Troy,,,,,,1,,,
a006g000001m2NQAAY,0056g000000FFmxAAG,,C-00025,2019-11-09T21:07:04.000+0000,0056g000000FFmxAAG,2019-11-11T12:11:48.000+0000,0056g000000FFmxAAG,2019-11-11T12:11:48.000+0000,,,,Dallas,,,1,,apeterson@me.nets,,Alexander,Peterson,,,,,,1,,,
a006g000001m2NRAAY,0056g000000FFmxAAG,,C-00026,2019-11-09T21:07:04.000+0000,0056g000000FFmxAAG,2019-11-11T12:11:48.000+0000,0056g000000FFmxAAG,2019-11-11T12:11:48.000+0000,,,,Herndon,,,1,,hdoe@you.coms,,Holland,Doe,,,,,,1,,,
a006g000001m2NSAAY,0056g000000FFmxAAG,,C-00027,2019-11-09T21:07:04.000+0000,0056g000000FFmxAAG,2019-11-11T12:11:48.000+0000,0056g000000FFmxAAG,2019-11-11T12:11:48.000+0000,,,,Reston,,,1,,kdylan@gmails.coms,,Kalib,Dylan,,,,,,1,,,
a006g000001m2NTAAY,0056g000000FFmxAAG,,C-00028,2019-11-09T21:07:04.000+0000,0056g000000FFmxAAG,2019-11-11T12:11:48.000+0000,0056g000000FFmxAAG,2019-11-11T12:11:48.000+0000,,,,Denver,,,1,,msmith@yahooo.coms,,Mya,Smith,,,,,,1,,,
a006g000001m2NUAAY,0056g000000FFmxAAG,,C-00029,2019-11-09T21:07:04.000+0000,0056g000000FFmxAAG,2019-11-11T12:11:48.000+0000,0056g000000FFmxAAG,2019-11-11T12:11:48.000+0000,,,,DC,,,1,,jjones@gmails.coms,,Jacob,Jones,,,,,,1,,,
a006g000001m2NVAAY,0056g000000FFmxAAG,,C-00030,2019-11-09T21:07:04.000+0000,0056g000000FFmxAAG,2019-11-11T12:11:48.000+0000,0056g000000FFmxAAG,2019-11-11T12:11:48.000+0000,,,,Maryland,,,,,fjohnson@yahoo.coms,,Frank,Johnson,,,,,,1,,,
a006g000001m2NWAAY,0056g000000FFmxAAG,,C-00031,2019-11-09T21:07:04.000+0000,0056g000000FFmxAAG,2019-11-11T12:11:48.000+0000,0056g000000FFmxAAG,2019-11-11T12:11:48.000+0000,,,,Remote,,,1,,dmorris@yahhooo.coms,,Deliliah,Morris,,,,,,1,,,
a006g000001m2NXAAY,0056g000000FFmxAAG,,C-00032,2019-11-09T21:07:04.000+0000,0056g000000FFmxAAG,2019-11-11T12:11:48.000+0000,0056g000000FFmxAAG,2019-11-11T12:11:48.000+0000,,,,Indianapolis,,,,,jmussman@me.nets,,Julie,Mussman,,,,,,,1,,
a006g000001m2NYAAY,0056g000000FFmxAAG,,C-00033,2019-11-09T21:07:04.000+0000,0056g000000FFmxAAG,2019-11-11T12:11:48.000+0000,0056g000000FFmxAAG,2019-11-11T12:11:48.000+0000,,2019-11-11T17:53:28.000+0000,2019-11-11T17:53:28.000+0000,Bellevue,,,,,jtaylor@hotmails.coms,,Jeffrey,Taylor,,,,,,,1,,
a006g000001m2NZAAY,0056g000000FFmxAAG,,C-00034,2019-11-09T21:07:04.000+0000,0056g000000FFmxAAG,2019-11-11T12:11:48.000+0000,0056g000000FFmxAAG,2019-11-11T12:11:48.000+0000,,,,Dallas,,,1,,jmorgans@me.coms,,Jackson,Morgan,,,,,,,1,,
a006g000001m2NaAAI,0056g000000FFmxAAG,,C-00035,2019-11-09T21:07:04.000+0000,0056g000000FFmxAAG,2019-11-11T12:11:48.000+0000,0056g000000FFmxAAG,2019-11-11T12:11:48.000+0000,,,,Herndon,,,1,,bpeace@yoohhoo.coms,,Bailey,Peace,,,,,,1,,,
a006g000001m2NbAAI,0056g000000FFmxAAG,,C-00036,2019-11-09T21:07:04.000+0000,0056g000000FFmxAAG,2019-11-11T12:11:48.000+0000,0056g000000FFmxAAG,2019-11-11T12:11:48.000+0000,,,,Reston,,,1,,btatums@yahoo.cms,,Brennan,Tatum,,,,,,1,,,
a006g000001m2NcAAI,0056g000000FFmxAAG,,C-00037,2019-11-09T21:07:04.000+0000,0056g000000FFmxAAG,2019-11-11T12:11:48.000+0000,0056g000000FFmxAAG,2019-11-11T12:11:48.000+0000,,,,Denver,,,1,,chicks@me.nets,,Carmelo,Hicks,,,,,,,1,,
a006g000001m2NdAAI,0056g000000FFmxAAG,,C-00038,2019-11-09T21:07:04.000+0000,0056g000000FFmxAAG,2019-11-11T12:11:48.000+0000,0056g000000FFmxAAG,2019-11-11T12:11:48.000+0000,,,,DC,,,1,,rbest@gmails.coms,,Riley,Best,,,,,,,1,,
a006g000001m2NeAAI,0056g000000FFmxAAG,,C-00039,2019-11-09T21:07:04.000+0000,0056g000000FFmxAAG,2019-11-11T12:11:48.000+0000,0056g000000FFmxAAG,2019-11-11T12:11:48.000+0000,,,,Maryland,,,,,gboones@me.nets,,Giancarlo,Boone,,,,,,,1,,
a006g000001mFr4AAE,0056g000000FFmxAAG,,C-00040,2019-11-11T17:52:58.000+0000,0056g000000FFmxAAG,2019-11-11T17:52:58.000+0000,0056g000000FFmxAAG,2019-11-11T17:52:58.000+0000,,2019-11-11T17:53:00.000+0000,2019-11-11T17:53:00.000+0000,Dallas,,,1,,bclark2@clark.coms,,Bob,Clark,,,,,,1,,,
a006g000001mFr9AAE,0056g000000FFmxAAG,,C-00041,2019-11-11T17:53:38.000+0000,0056g000000FFmxAAG,2019-11-11T17:53:38.000+0000,0056g000000FFmxAAG,2019-11-11T17:53:38.000+0000,,2019-11-11T17:53:40.000+0000,2019-11-11T17:53:40.000+0000,Bellevue,,,,,jtaylor2@hotmails.coms,,Jeffrey,Taylor,,,,,,,1,,
a006g000001lxkqAAA,0056g000000FFmxAAG,,C-00000,2019-11-08T18:38:57.000+0000,0056g000000FFmxAAG,2019-11-11T12:11:48.000+0000,0056g000000FFmxAAG,2019-11-11T12:11:48.000+0000,,2019-11-09T21:11:58.000+0000,2019-11-09T21:11:58.000+0000,Remote,,,1,,test@jane.com,,jane,doe,,,,,,1,,,
